City_ID,City,Country,Date,Lat,Lng,Max Temp,Humidity,Cloudiness,Wind Speed
0,Kerepehi,NZ,2022-04-17 02:50:12,-37.3,175.5333,71.35,61,100,11.52
1,Sorland,NO,2022-04-17 02:50:13,67.667,12.6934,42.21,95,100,22.91
2,Lompoc,US,2022-04-17 02:50:14,34.6391,-120.4579,58.57,81,0,14.0
3,Avarua,CK,2022-04-17 02:50:14,-21.2078,-159.775,82.45,74,75,10.36
4,Seymchan,RU,2022-04-17 02:50:14,62.8833,152.4333,23.61,82,99,4.56
5,Sur,OM,2022-04-17 02:50:15,22.5667,59.5289,89.22,34,23,4.76
6,Ponta Do Sol,PT,2022-04-17 02:50:16,32.6667,-17.1,70.43,43,100,8.46
7,Albany,US,2022-04-17 02:50:16,42.6001,-73.9662,38.64,94,80,3.29
8,Caravelas,BR,2022-04-17 02:48:07,-17.7125,-39.2481,77.4,71,100,11.07
9,Poum,NC,2022-04-17 02:50:17,-20.2333,164.0167,78.69,65,2,9.15
10,Vuktyl,RU,2022-04-17 02:50:17,63.8567,57.3094,18.86,81,56,2.62
11,Rikitea,PF,2022-04-17 02:48:56,-23.1203,-134.9692,78.73,67,25,13.51
12,Ushuaia,AR,2022-04-17 02:50:18,-54.8,-68.3,37.06,81,0,5.75
13,Chiquimula,GT,2022-04-17 02:50:19,14.8,-89.55,74.59,85,38,3.2
14,Port Elizabeth,ZA,2022-04-17 02:41:18,-33.918,25.5701,61.32,91,40,8.05
15,Provideniya,RU,2022-04-17 02:50:20,64.3833,-173.3,32.54,96,99,11.27
16,Victoria,HK,2022-04-17 02:50:13,22.2855,114.1577,74.25,74,99,11.01
17,Mar Del Plata,AR,2022-04-17 02:50:20,-38.0023,-57.5575,60.87,87,72,3.44
18,Punta Arenas,CL,2022-04-17 02:50:21,-53.15,-70.9167,46.51,81,40,14.97
19,Arandis,NA,2022-04-17 02:50:21,-22.4167,14.9667,65.17,49,81,2.73
20,Irbit,RU,2022-04-17 02:50:21,57.6705,63.071,31.37,77,71,9.86
21,Vao,NC,2022-04-17 02:50:22,-22.6667,167.4833,77.0,69,0,7.23
22,Srednekolymsk,RU,2022-04-17 02:50:22,67.45,153.6833,19.53,84,100,7.18
23,Torbay,CA,2022-04-17 02:43:31,47.6666,-52.7314,44.89,67,20,21.85
24,Teya,RU,2022-04-17 02:50:23,60.3778,92.6267,42.26,94,100,10.92
25,Barrow,US,2022-04-17 02:42:37,71.2906,-156.7887,8.62,72,0,18.41
26,Hobart,AU,2022-04-17 02:50:24,-42.8794,147.3294,76.26,50,0,16.11
27,Hermanus,ZA,2022-04-17 02:50:24,-34.4187,19.2345,55.8,84,5,13.33
28,Nikolskoye,RU,2022-04-17 02:50:25,59.7035,30.7861,32.88,82,50,2.75
29,Yellowknife,CA,2022-04-17 02:50:25,62.456,-114.3525,12.72,52,75,9.22
30,Hithadhoo,MV,2022-04-17 02:50:26,-0.6,73.0833,83.53,62,96,6.55
31,Bilibino,RU,2022-04-17 02:50:26,68.0546,166.4372,23.47,80,99,2.44
32,Atuona,PF,2022-04-17 02:50:27,-9.8,-139.0333,78.8,80,69,16.17
33,Marsa Matruh,EG,2022-04-17 02:50:27,31.3525,27.2453,71.8,33,0,11.5
34,Kashmor,PK,2022-04-17 02:50:28,28.4333,69.5833,90.36,10,42,9.89
35,Ormara,PK,2022-04-17 02:50:28,25.2088,64.6357,80.47,86,4,4.27
36,Vaini,TO,2022-04-17 02:50:29,-21.2,-175.2,84.36,79,75,5.75
37,Ulladulla,AU,2022-04-17 02:48:55,-35.35,150.4667,74.3,50,2,10.98
38,Makokou,GA,2022-04-17 02:50:29,0.5738,12.8642,70.32,95,22,1.16
39,Natal,BR,2022-04-17 02:41:48,-5.795,-35.2094,81.25,94,20,3.44
40,Geraldton,AU,2022-04-17 02:50:30,-28.7667,114.6,70.21,60,74,16.11
41,Cape Town,ZA,2022-04-17 02:46:24,-33.9258,18.4232,60.91,70,1,13.0
42,Rundu,NA,2022-04-17 02:50:30,-17.9333,19.7667,67.5,83,100,3.31
43,Vohibinany,MG,2022-04-17 02:50:31,-17.35,49.0333,70.05,98,78,1.97
44,Naze,JP,2022-04-17 02:50:32,28.3667,129.4833,68.92,58,92,9.62
45,Puerto Ayora,EC,2022-04-17 02:51:32,-0.7393,-90.3518,75.38,92,71,4.99
46,Jamestown,US,2022-04-17 02:51:33,42.097,-79.2353,36.99,64,75,10.0
47,Weinan,CN,2022-04-17 02:51:33,34.5036,109.5089,60.28,48,100,14.5
48,Kununurra,AU,2022-04-17 02:51:33,-15.7667,128.7333,93.18,55,95,8.05
49,Severo-Kurilsk,RU,2022-04-17 02:51:34,50.6789,156.125,32.94,79,100,11.68
50,Busselton,AU,2022-04-17 02:51:35,-33.65,115.3333,65.03,45,43,10.67
51,Bowen,AU,2022-04-17 02:51:35,-20.0167,148.2333,81.37,52,9,18.95
52,Honiara,SB,2022-04-17 02:50:44,-9.4333,159.95,85.12,69,97,4.7
53,Castro,BR,2022-04-17 02:44:04,-24.7911,-50.0119,49.14,99,1,5.06
54,Kandrian,PG,2022-04-17 02:51:36,-6.2167,149.55,85.15,72,86,7.9
55,Souillac,MU,2022-04-17 02:51:37,-20.5167,57.5167,77.38,88,75,13.8
56,Butaritari,KI,2022-04-17 02:51:37,3.0707,172.7902,82.06,76,44,12.12
57,Isangel,VU,2022-04-17 02:42:35,-19.55,169.2667,83.5,71,24,5.3
58,Rudbar,AF,2022-04-17 02:51:38,30.15,62.6,74.68,27,96,4.47
59,Tasiilaq,GL,2022-04-17 02:48:09,65.6145,-37.6368,33.96,98,100,6.04
60,Thinadhoo,MV,2022-04-17 02:51:38,0.5333,72.9333,83.46,67,98,7.29
61,Burgthann,DE,2022-04-17 02:51:39,49.352,11.3115,32.32,80,4,4.18
62,Amahai,ID,2022-04-17 02:51:39,-3.3333,128.9167,87.73,61,87,5.01
63,Pevek,RU,2022-04-17 02:51:40,69.7008,170.3133,7.34,89,100,6.38
64,Pangody,RU,2022-04-17 02:51:41,65.85,74.4859,12.42,93,100,15.12
65,Kahului,US,2022-04-17 02:51:41,20.8947,-156.47,78.82,53,100,4.61
66,Hambantota,LK,2022-04-17 02:43:54,6.1241,81.1185,79.14,100,75,2.3
67,Methoni,GR,2022-04-17 02:51:42,36.8197,21.7049,66.06,62,10,2.26
68,Mataura,NZ,2022-04-17 02:51:42,-46.1927,168.8643,53.47,46,99,3.49
69,Shimoda,JP,2022-04-17 02:51:43,34.6667,138.95,59.36,73,100,8.08
70,Ati,TD,2022-04-17 02:48:40,13.2154,18.3353,83.55,47,80,6.98
71,Saskylakh,RU,2022-04-17 02:42:37,71.9167,114.0833,20.32,93,100,19.1
72,Padang,ID,2022-04-17 02:51:44,-0.9492,100.3543,86.05,66,26,3.53
73,Cherskiy,RU,2022-04-17 02:42:44,68.75,161.3,22.39,86,100,13.13
74,Puerto Quijarro,BO,2022-04-17 02:51:44,-17.7833,-57.7667,72.0,67,0,3.89
75,New Norfolk,AU,2022-04-17 02:51:45,-42.7826,147.0587,75.92,31,100,11.41
76,Faanui,PF,2022-04-17 02:43:56,-16.4833,-151.75,81.84,71,4,11.9
77,Tuktoyaktuk,CA,2022-04-17 02:51:45,69.4541,-133.0374,3.2,72,75,6.91
78,Mildura,AU,2022-04-17 02:51:46,-34.2,142.15,86.07,23,24,12.66
79,Nakanojo,JP,2022-04-17 02:51:46,36.5833,138.85,59.94,49,51,4.0
80,East London,ZA,2022-04-17 02:51:47,-33.0153,27.9116,61.45,77,100,6.6
81,Gat,IL,2022-04-17 02:39:01,31.61,34.7642,69.4,24,39,6.64
82,Kapaa,US,2022-04-17 02:51:47,22.0752,-159.319,71.92,97,100,20.71
83,Upernavik,GL,2022-04-17 02:51:35,72.7868,-56.1549,-18.89,100,60,7.81
84,Bluff,NZ,2022-04-17 02:51:47,-46.6,168.3333,53.8,58,86,7.96
85,Narsaq,GL,2022-04-17 02:46:31,60.9167,-46.05,32.22,83,8,1.61
86,Bredasdorp,ZA,2022-04-17 02:49:24,-34.5322,20.0403,55.78,85,1,7.29
87,Yumen,CN,2022-04-17 02:51:48,40.2833,97.2,50.02,20,0,4.54
88,Hilo,US,2022-04-17 02:50:20,19.7297,-155.09,73.27,92,100,5.75
89,Bakchar,RU,2022-04-17 02:51:49,57.0186,82.0711,50.63,75,100,8.66
90,Bethel,US,2022-04-17 02:51:49,41.3712,-73.414,44.69,89,100,8.05
91,Hasaki,JP,2022-04-17 02:42:46,35.7333,140.8333,64.29,54,100,9.31
92,Hami,CN,2022-04-17 02:51:50,42.8,93.45,59.97,17,0,9.33
93,Yar-Sale,RU,2022-04-17 02:51:51,66.8333,70.8333,11.26,83,99,14.38
94,Qaanaaq,GL,2022-04-17 02:51:51,77.484,-69.3632,-20.85,74,7,7.78
95,Saint-Philippe,RE,2022-04-17 02:52:52,-21.3585,55.7679,72.99,80,36,8.75
96,Margate,GB,2022-04-17 02:52:52,51.3813,1.3862,50.31,88,43,1.99
97,Anadyr,RU,2022-04-17 02:52:53,64.75,177.4833,34.3,74,20,13.42
98,Desaguadero,PE,2022-04-17 02:52:53,-16.5656,-69.0417,43.61,35,57,3.47
99,Nhulunbuy,AU,2022-04-17 02:52:54,-12.2333,136.7667,81.21,83,75,14.97
100,Boali,CF,2022-04-17 02:52:54,4.8005,18.1275,74.5,72,98,2.53
101,Puerto El Triunfo,SV,2022-04-17 02:52:55,13.2833,-88.55,82.31,78,45,5.59
102,Mporokoso,ZM,2022-04-17 02:52:56,-9.3727,30.125,59.86,97,71,6.29
103,Heiligenhafen,DE,2022-04-17 02:52:56,54.3667,10.9833,34.05,71,9,4.07
104,Dunedin,NZ,2022-04-17 02:52:57,-45.8742,170.5036,54.81,72,98,15.01
105,Yoichi,JP,2022-04-17 02:52:57,43.2039,140.7703,48.72,76,45,14.52
106,Chernyshevskiy,RU,2022-04-17 02:52:58,63.0128,112.4714,31.59,98,100,9.69
107,San Jose,US,2022-04-17 02:52:56,37.3394,-121.895,58.05,67,20,14.97
108,Carnarvon,AU,2022-04-17 02:52:59,-24.8667,113.6333,77.07,69,75,14.97
109,Goksun,TR,2022-04-17 02:53:00,38.021,36.4973,45.79,52,4,3.62
110,Kloulklubed,PW,2022-04-17 02:53:00,7.0419,134.2556,86.5,72,42,1.83
111,Hamilton,US,2022-04-17 02:45:09,39.1834,-84.5333,51.24,54,0,10.36
112,Salalah,OM,2022-04-17 02:53:01,17.0151,54.0924,79.66,65,0,0.54
113,Mahebourg,MU,2022-04-17 02:53:01,-20.4081,57.7,77.29,88,75,13.8
114,Beliu,RO,2022-04-17 02:53:02,46.4833,21.9833,34.14,78,9,12.55
115,Aklavik,CA,2022-04-17 02:53:02,68.2191,-135.0107,12.09,83,23,12.5
116,Whitehorse,CA,2022-04-17 02:51:50,60.7161,-135.0538,32.77,55,100,10.36
117,Marzuq,YE,2022-04-17 02:53:03,14.4,46.4667,69.62,39,1,4.43
118,Palmer,US,2022-04-17 02:53:03,42.1584,-72.3287,43.86,85,100,3.44
119,Disna,BY,2022-04-17 02:53:04,55.568,28.1971,28.89,93,31,7.31
120,Young,UY,2022-04-17 02:53:04,-32.6833,-57.6333,54.66,74,36,6.46
121,Marawi,PH,2022-04-17 02:48:17,7.9986,124.2928,81.01,61,97,4.54
122,Dubbo,AU,2022-04-17 02:53:05,-32.25,148.6167,75.33,41,0,6.91
123,Dalumangcob,PH,2022-04-17 02:53:05,7.2167,124.3,85.86,67,83,3.67
124,Alta Floresta,BR,2022-04-17 02:53:06,-9.8756,-56.0861,72.45,97,100,1.5
125,Itaqui,BR,2022-04-17 02:53:07,-29.1253,-56.5531,56.07,86,15,7.92
126,Camacha,PT,2022-04-17 02:53:07,33.0833,-16.3333,58.42,88,20,13.8
127,Mountain Home,US,2022-04-17 02:53:07,43.133,-115.6912,47.68,93,40,29.93
128,Kavaratti,IN,2022-04-17 02:46:48,10.5669,72.642,83.98,73,30,6.62
129,Kalabo,ZM,2022-04-17 02:53:08,-14.97,22.6814,65.98,93,100,4.63
130,Half Moon Bay,US,2022-04-17 02:53:09,37.4636,-122.4286,55.89,73,0,13.8
131,Chokurdakh,RU,2022-04-17 02:53:09,70.6333,147.9167,8.2,86,25,2.95
132,Fortuna,US,2022-04-17 02:53:09,40.5982,-124.1573,47.93,74,0,6.91
133,Port Alfred,ZA,2022-04-17 02:53:10,-33.5906,26.891,58.17,92,100,9.26
134,Richards Bay,ZA,2022-04-17 02:53:10,-28.783,32.0377,63.55,89,100,5.88
135,Olive Branch,US,2022-04-17 02:53:10,34.9618,-89.8295,62.73,84,100,8.05
136,Mayo,US,2022-04-17 02:46:37,38.8876,-76.5119,61.48,75,75,13.8
137,Jumla,NP,2022-04-17 02:45:17,29.2747,82.1838,61.23,29,0,1.28
138,Mujiayingzi,CN,2022-04-17 02:53:11,42.1167,118.7833,59.88,12,84,11.21
139,Kvarkeno,RU,2022-04-17 02:53:11,52.0833,59.725,39.87,76,3,7.27
140,Codrington,AU,2022-04-17 02:51:26,-38.2667,141.9667,79.77,30,100,22.48
141,Sechura,PE,2022-04-17 02:54:12,-5.5569,-80.8222,68.52,78,19,14.43
142,Buin,CL,2022-04-17 02:54:13,-33.7333,-70.75,67.05,52,0,1.23
143,Nagua,DO,2022-04-17 02:54:13,19.3832,-69.8474,73.13,89,78,7.65
144,Pechenga,RU,2022-04-17 02:54:14,69.5259,31.1703,37.02,91,100,26.11
145,Chuy,UY,2022-04-17 02:54:14,-33.6971,-53.4616,59.07,86,3,4.47
146,Tigil,RU,2022-04-17 02:54:15,57.8,158.6667,27.39,78,99,10.18
147,Georgetown,MY,2022-04-17 02:50:55,5.4112,100.3354,89.53,78,20,5.01
148,San Pedro De Lloc,PE,2022-04-17 02:54:16,-7.4328,-79.5058,67.12,80,15,11.95
149,Ritchie,ZA,2022-04-17 02:54:16,-29.038,24.6028,54.61,87,97,10.27
150,Ganta,LR,2022-04-17 02:54:17,7.3022,-8.5308,70.21,99,100,1.43
151,Sao Filipe,CV,2022-04-17 02:54:17,14.8961,-24.4956,70.7,79,25,7.2
152,Najran,SA,2022-04-17 02:54:18,17.4924,44.1277,74.05,28,6,0.63
153,Cidreira,BR,2022-04-17 02:54:19,-30.1811,-50.2056,66.63,72,96,7.4
154,San Patricio,US,2022-04-17 02:54:19,28.017,-97.5169,76.53,85,87,9.71
155,Surman,LY,2022-04-17 02:54:20,32.7567,12.5716,60.98,73,64,15.19
156,Clyde River,CA,2022-04-17 02:54:21,70.4692,-68.5914,-9.17,84,100,11.5
157,Mehamn,NO,2022-04-17 02:54:21,71.0357,27.8492,37.33,88,100,28.25
158,Magadan,RU,2022-04-17 02:54:22,59.5667,150.8,33.53,65,73,2.08
159,Atambua,ID,2022-04-17 02:54:22,-9.1061,124.8925,83.97,64,87,2.73
160,Letpadan,MM,2022-04-17 02:54:22,17.7833,95.75,91.83,50,14,7.45
161,Tuatapere,NZ,2022-04-17 02:46:42,-46.1333,167.6833,57.72,52,82,2.68
162,Simao,CN,2022-04-17 02:46:49,22.7886,100.9748,83.86,32,15,6.42
163,Arraial Do Cabo,BR,2022-04-17 02:54:23,-22.9661,-42.0278,72.01,72,3,15.9
164,Mikhaylovka,RU,2022-04-17 02:54:24,50.06,43.2379,50.43,73,100,8.08
165,San Buenaventura,MX,2022-04-17 02:54:25,27.0833,-101.5333,85.3,48,76,6.13
166,Itoman,JP,2022-04-17 02:54:25,26.1247,127.6694,70.57,57,75,9.22
167,Katsuura,JP,2022-04-17 02:54:25,35.1333,140.3,59.14,58,100,9.37
168,Deputatskiy,RU,2022-04-17 02:54:26,69.3,139.9,12.52,87,100,4.14
169,Perth,AU,2022-04-17 02:54:26,-31.9333,115.8333,71.19,52,20,11.5
170,Lufilufi,WS,2022-04-17 02:54:27,-13.8745,-171.5986,89.38,73,12,14.99
171,Bac Lieu,VN,2022-04-17 02:54:27,9.285,105.7244,86.18,63,60,11.79
172,Kem,RU,2022-04-17 02:54:28,64.9555,34.5793,33.73,83,100,13.47
173,Sinfra,CI,2022-04-17 02:54:28,6.6167,-5.9167,71.19,98,100,2.01
174,Manakara,MG,2022-04-17 02:54:29,-22.1333,48.0167,71.55,90,17,1.95
175,Manado,ID,2022-04-17 02:54:29,1.487,124.8455,86.77,74,40,3.44
176,Nueva Loja,EC,2022-04-17 02:54:30,0.0847,-76.8828,71.1,99,87,1.45
177,Laguna,US,2022-04-17 02:54:30,38.421,-121.4238,62.74,63,0,10.36
178,Ulhasnagar,IN,2022-04-17 02:49:55,19.2167,73.15,82.4,60,0,3.36
179,Sinnamary,GF,2022-04-17 02:54:31,5.3833,-52.95,77.38,88,97,11.27
180,Tavricheskoye,RU,2022-04-17 02:54:32,54.5851,73.6395,48.11,53,98,9.1
181,Chissamba,AO,2022-04-17 02:54:32,-12.1667,17.3333,60.48,97,97,1.19
182,Lasa,IT,2022-04-17 02:55:33,46.6166,10.7002,36.7,63,11,6.15
183,Gawler,AU,2022-04-17 02:55:34,-34.6,138.7333,77.97,58,100,12.12
184,Taltal,CL,2022-04-17 02:55:35,-25.4,-70.4833,61.61,75,0,4.32
185,Port Hedland,AU,2022-04-17 02:55:35,-20.3167,118.5667,102.25,12,9,11.5
186,Buta,CD,2022-04-17 02:55:36,2.7858,24.73,68.47,99,97,2.59
187,Esperance,AU,2022-04-17 02:55:37,-33.8667,121.9,64.24,65,95,14.97
188,Bousso,TD,2022-04-17 02:55:37,10.4795,16.7117,85.6,44,10,2.42
189,Makubetsu,JP,2022-04-17 02:55:39,45.3714,141.8211,44.31,93,75,10.36
190,Bethlehem,BR,2022-04-17 02:55:40,-1.4558,-48.5044,75.24,100,0,2.3
191,Talnakh,RU,2022-04-17 02:55:41,69.4865,88.3972,14.13,94,99,16.08
192,Khatanga,RU,2022-04-17 02:55:41,71.9667,102.5,22.96,94,91,8.84
193,Nanortalik,GL,2022-04-17 02:55:42,60.1432,-45.2371,28.9,84,94,8.63
194,Ambon,ID,2022-04-17 02:55:42,-3.6954,128.1814,91.54,66,20,2.3
195,Kaitangata,NZ,2022-04-17 02:55:43,-46.2817,169.8464,55.78,60,86,10.47
196,Bintulu,MY,2022-04-17 02:55:43,3.1667,113.0333,84.61,83,40,5.01
197,Kolokani,ML,2022-04-17 02:55:44,13.5728,-8.0339,79.16,44,66,8.08
198,Bako,ET,2022-04-17 02:55:44,5.7833,36.5667,62.47,91,100,4.03
199,Delbruck,DE,2022-04-17 02:55:45,51.7667,8.5667,38.71,72,0,5.75
200,Pochutla,MX,2022-04-17 02:55:45,15.7432,-96.4661,83.82,68,10,6.87
201,Jalu,LY,2022-04-17 02:55:45,29.0331,21.5482,69.76,50,100,16.51
202,Dingle,PH,2022-04-17 02:55:46,10.9995,122.6711,86.02,66,100,8.99
203,Port Hardy,CA,2022-04-17 02:45:21,50.6996,-127.4199,46.58,57,75,16.11
204,Duzce,TR,2022-04-17 02:55:46,40.8389,31.1639,55.89,63,45,4.68
205,Andra,RU,2022-04-17 02:55:47,62.5147,65.8878,24.76,91,100,2.64
206,Krasnoyarskiy,RU,2022-04-17 02:55:48,51.965,59.8967,40.01,75,3,7.0
207,Paamiut,GL,2022-04-17 02:55:48,61.994,-49.6678,21.97,88,18,3.18
208,Suluq,LY,2022-04-17 02:55:50,31.6682,20.2521,61.74,84,87,10.98
209,Thompson,CA,2022-04-17 02:53:31,55.7435,-97.8558,23.16,46,100,5.75
210,Namatanai,PG,2022-04-17 02:55:50,-3.6667,152.4333,84.36,71,63,8.03
211,Kruisfontein,ZA,2022-04-17 02:53:19,-34.0033,24.7314,58.89,92,0,2.3
212,Swan Hill,AU,2022-04-17 02:55:52,-35.3378,143.5544,83.91,25,17,15.64
213,Blackfoot,US,2022-04-17 02:55:52,43.1905,-112.345,43.05,65,57,20.04
214,Nantucket,US,2022-04-17 02:55:53,41.2835,-70.0995,55.45,88,76,12.5
215,Guerrero Negro,MX,2022-04-17 02:55:53,27.9769,-114.0611,59.83,85,63,19.01
216,Port-Gentil,GA,2022-04-17 02:55:54,-0.7193,8.7815,80.78,81,100,6.64
217,Vardo,NO,2022-04-17 02:55:55,70.3705,31.1107,38.1,83,100,28.99
218,Consett,GB,2022-04-17 02:55:55,54.854,-1.8316,51.22,88,100,5.91
219,Chateaudun,FR,2022-04-17 02:55:56,48.0833,1.3333,46.94,92,0,8.16
220,Gigante,CO,2022-04-17 02:55:57,2.3868,-75.5453,69.62,85,100,3.74
221,Vestmannaeyjar,IS,2022-04-17 02:43:02,63.4427,-20.2734,45.77,86,59,12.75
222,Montescaglioso,IT,2022-04-17 02:55:59,40.5522,16.6669,55.38,73,100,22.5
223,Walvis Bay,NA,2022-04-17 02:55:59,-22.9575,14.5053,52.75,100,26,1.14
224,Aden,YE,2022-04-17 02:56:00,12.7794,45.0367,80.87,81,53,6.13
225,Roald,NO,2022-04-17 02:56:00,62.5833,6.1333,43.75,100,100,5.75
226,Zhezkazgan,KZ,2022-04-17 02:56:00,47.8043,67.7144,51.78,62,0,20.13
227,Inhambane,MZ,2022-04-17 02:57:01,-23.865,35.3833,72.68,91,79,5.95
228,Saint Anthony,US,2022-04-17 02:57:01,45.0205,-93.218,35.2,48,0,4.61
229,Kizilskoye,RU,2022-04-17 02:57:02,52.7255,58.8937,37.54,80,15,5.88
230,West Bay,KY,2022-04-17 02:57:02,19.3667,-81.4167,80.67,80,20,3.44
231,Kanniyakumari,IN,2022-04-17 02:57:03,8.0833,77.5667,84.72,73,40,13.76
232,Ribeira Grande,PT,2022-04-17 02:54:21,38.5167,-28.7,59.25,78,2,19.75
233,Gidole,ET,2022-04-17 02:57:04,5.65,37.3667,57.99,85,100,1.19
234,Miri,MY,2022-04-17 02:57:04,4.4148,114.0089,89.74,70,40,8.05
235,Nemuro,JP,2022-04-17 02:57:04,43.3236,145.575,40.89,77,5,16.93
236,Mastic Beach,US,2022-04-17 02:57:05,40.7668,-72.8521,49.08,75,84,8.01
237,Coquimbo,CL,2022-04-17 02:56:28,-29.9533,-71.3436,56.93,88,75,4.61
238,Adrar,MR,2022-04-17 02:57:05,20.5022,-10.0711,74.86,15,0,12.08
239,Bondo,CD,2022-04-17 02:57:06,3.8146,23.6866,68.38,97,61,2.68
240,Buncrana,IE,2022-04-17 02:57:06,55.1333,-7.45,50.95,95,100,7.96
241,Kodiak,US,2022-04-17 02:57:06,57.79,-152.4072,38.66,75,100,10.42
242,Sulangan,PH,2022-04-17 02:57:07,11.1373,123.7228,82.31,73,69,8.1
243,Maputo,MZ,2022-04-17 02:57:07,-25.9653,32.5892,64.08,94,75,17.27
244,Saint George,US,2022-04-17 02:53:36,37.1041,-113.5841,72.19,21,0,14.97
245,Grindavik,IS,2022-04-17 02:57:08,63.8424,-22.4338,44.55,100,75,14.97
246,Hualmay,PE,2022-04-17 02:57:09,-11.0964,-77.6139,66.51,85,99,8.05
247,Coari,BR,2022-04-17 02:57:09,-4.085,-63.1414,73.58,93,100,0.85
248,Mahanoro,MG,2022-04-17 02:57:10,-19.9,48.8,71.71,93,21,5.57
249,Alofi,NU,2022-04-17 02:57:10,-19.0595,-169.9187,85.89,70,64,8.05
250,Tessalit,ML,2022-04-17 02:57:10,20.1986,1.0114,69.21,25,100,9.64
251,Xingcheng,CN,2022-04-17 02:57:11,40.6167,120.7167,66.83,18,86,8.77
252,Lascahobas,HT,2022-04-17 02:57:11,18.8294,-71.9364,72.48,82,100,4.83
253,Jawhar,SO,2022-04-17 02:57:12,2.7809,45.5005,78.62,85,100,5.68
254,Tura,IN,2022-04-17 02:54:48,25.5198,90.2201,79.99,71,5,7.81
255,Makakilo City,US,2022-04-17 02:57:13,21.3469,-158.0858,74.95,77,100,10.36
256,Vila Franca Do Campo,PT,2022-04-17 02:57:13,37.7167,-25.4333,61.21,91,99,9.1
257,Arman,RU,2022-04-17 02:57:14,59.7,150.1667,34.02,63,77,3.44
258,Cockburn Town,TC,2022-04-17 02:55:19,21.4612,-71.1419,77.54,84,100,22.75
259,Tay Ninh,VN,2022-04-17 02:57:14,11.3,106.1,88.7,52,100,8.59
260,Chimbote,PE,2022-04-17 02:57:15,-9.0853,-78.5783,65.48,88,96,6.08
261,Te Anau,NZ,2022-04-17 02:57:15,-45.4167,167.7167,56.5,52,95,0.54
262,Ostrovnoy,RU,2022-04-17 02:57:16,68.0531,39.5131,35.85,97,100,21.47
263,Luanda,AO,2022-04-17 02:52:38,-8.8368,13.2343,76.26,90,100,7.36
264,Lebu,CL,2022-04-17 02:57:16,-37.6167,-73.65,52.65,92,50,9.19
265,Manavalakurichi,IN,2022-04-17 02:57:17,8.1333,77.3,84.92,71,37,9.55
266,Tautira,PF,2022-04-17 02:57:17,-17.7333,-149.15,79.59,76,5,9.8
267,Camocim,BR,2022-04-17 02:57:17,-2.9022,-40.8411,76.19,91,98,5.84
268,Fort Nelson,CA,2022-04-17 02:53:31,58.8053,-122.7002,18.99,73,100,10.36
269,Acapulco,MX,2022-04-17 02:55:36,16.8634,-99.8901,78.37,66,6,4.74
270,Kralendijk,BQ,2022-04-17 02:57:19,12.15,-68.2667,79.3,86,2,26.62
271,Ajdabiya,LY,2022-04-17 02:57:19,30.7554,20.2263,63.05,84,100,16.98
272,Sayyan,YE,2022-04-17 02:58:20,15.1718,44.3244,58.87,29,8,2.1
273,Bajil,YE,2022-04-17 02:53:28,15.0584,43.2851,80.22,61,24,3.02
274,Brae,GB,2022-04-17 02:58:20,60.3964,-1.353,46.13,95,100,14.05
275,Privolzhye,RU,2022-04-17 02:58:21,52.8649,48.6044,48.38,76,100,11.27
276,Bonthe,SL,2022-04-17 02:55:46,7.5264,-12.505,77.2,80,49,4.52
277,Ilulissat,GL,2022-04-17 02:58:22,69.2167,-51.1,-8.81,91,8,6.24
278,Mandera,KE,2022-04-17 02:58:22,3.9366,41.867,80.53,71,77,9.22
279,Taganak,PH,2022-04-17 02:58:23,6.0833,118.3,86.14,74,51,7.94
280,Una,IN,2022-04-17 02:58:24,20.8167,71.0333,83.84,52,0,8.59
281,Tokmak,UA,2022-04-17 02:58:24,47.2514,35.7058,44.1,87,99,3.15
282,Tyrma,RU,2022-04-17 02:58:25,50.0833,132.1667,34.57,86,100,4.34
283,Athabasca,CA,2022-04-17 02:58:25,54.7169,-113.2854,27.48,91,100,6.13
284,Sidi Ali,DZ,2022-04-17 02:58:26,36.0998,0.4206,56.35,64,4,6.62
285,Bereda,ES,2022-04-17 02:58:27,43.2686,-7.5406,49.14,100,65,1.81
286,Kavieng,PG,2022-04-17 02:58:27,-2.5744,150.7967,84.85,70,28,8.34
287,Ponta Delgada,PT,2022-04-17 02:58:28,37.7333,-25.6667,61.52,82,20,13.8
288,Dubai,AE,2022-04-17 02:58:28,25.2582,55.3047,82.33,57,14,3.44
289,Mitake,JP,2022-04-17 02:58:29,35.4167,137.1333,55.54,72,100,2.06
290,Brewster,US,2022-04-17 02:58:29,41.3973,-73.6171,44.28,93,99,6.06
291,Tulun,RU,2022-04-17 02:58:30,54.5611,100.5792,55.89,44,87,6.78
292,Berlevag,NO,2022-04-17 02:58:30,70.8578,29.0864,37.2,88,100,29.66
293,Buzmeyin,TM,2022-04-17 02:58:31,38.0507,58.2056,57.27,77,100,12.93
294,Dandong,CN,2022-04-17 02:58:32,40.1292,124.3947,64.83,27,2,9.08
295,Meulaboh,ID,2022-04-17 02:58:32,4.1363,96.1285,84.45,72,39,1.57
296,Chokwe,MZ,2022-04-17 02:58:33,-24.5333,32.9833,67.78,97,100,10.18
297,Nome,US,2022-04-17 02:58:33,64.5011,-165.4064,33.17,77,100,16.71
298,Koulikoro,ML,2022-04-17 02:58:34,14.0,-7.75,78.89,38,35,8.88
299,Filadelfia,US,2022-04-17 02:53:52,39.9523,-75.1638,51.48,83,100,16.11
300,Brokopondo,SR,2022-04-17 02:58:35,4.75,-55.1667,75.07,90,98,8.7
301,Alyangula,AU,2022-04-17 02:58:35,-13.8483,136.4192,89.47,62,63,12.66
302,Leningradskiy,RU,2022-04-17 02:55:29,69.3833,178.4167,14.81,89,94,7.85
303,Vostok,RU,2022-04-17 02:58:36,46.4856,135.8833,38.97,49,86,14.34
304,Kouango,CF,2022-04-17 02:58:36,4.9934,19.9619,73.92,77,8,4.43
305,Maldonado,UY,2022-04-17 02:58:26,-34.6667,-54.9167,58.39,92,0,4.29
306,Ambilobe,MG,2022-04-17 02:58:37,-13.2,49.05,68.5,89,6,3.56
307,Lorengau,PG,2022-04-17 02:58:37,-2.0226,147.2712,83.91,74,56,4.9
308,Mount Gambier,AU,2022-04-17 02:58:38,-37.8333,140.7667,73.31,38,75,17.27
309,Constitucion,CL,2022-04-17 02:58:38,-35.3333,-72.4167,54.54,73,0,1.66
310,Klaksvik,FO,2022-04-17 02:58:39,62.2266,-6.589,47.32,98,100,21.3
311,San Carlos,VE,2022-04-17 02:58:40,9.6612,-68.5827,79.3,68,93,3.53
312,Sabha,LY,2022-04-17 02:57:17,27.0377,14.4283,63.32,51,0,12.28
313,Dikson,RU,2022-04-17 02:58:41,73.5069,80.5464,7.41,92,100,15.1
314,Labuan,MY,2022-04-17 02:58:41,5.2767,115.2417,86.36,74,20,5.99
315,Navahrudak,BY,2022-04-17 02:59:42,53.6,25.8333,28.0,91,46,6.85
316,Broken Hill,AU,2022-04-17 02:55:25,-31.95,141.4333,83.91,21,5,17.27
317,Matay,EG,2022-04-17 02:59:43,28.419,30.7792,77.49,16,0,9.91
318,Cabo Rojo,PR,2022-04-17 02:59:43,18.0866,-67.1457,77.68,87,53,1.01
319,Kutum,SD,2022-04-17 02:59:44,14.2,24.6667,71.22,10,17,4.12
320,Rosarito,MX,2022-04-17 02:59:44,32.3333,-117.0333,62.47,79,1,10.98
321,Vikhorevka,RU,2022-04-17 02:59:45,56.1201,101.1636,54.99,69,100,6.58
322,Bengkulu,ID,2022-04-17 02:59:45,-3.8004,102.2655,85.21,66,83,3.06
323,Carbonia,IT,2022-04-17 02:59:46,39.1672,8.5222,55.0,69,65,3.0
324,Tefe,BR,2022-04-17 02:59:46,-3.3542,-64.7114,74.05,96,100,0.96
325,Lagoa,PT,2022-04-17 02:59:46,39.05,-27.9833,58.12,74,0,14.79
326,Evensk,RU,2022-04-17 02:59:47,61.95,159.2333,32.9,84,100,6.15
327,Omagh,GB,2022-04-17 02:59:48,54.6,-7.3,50.47,98,100,6.51
328,Merauke,ID,2022-04-17 02:55:05,-8.4667,140.3333,85.51,67,100,1.57
329,Petropavlovsk-Kamchatskiy,RU,2022-04-17 02:59:48,53.0452,158.6483,41.59,31,0,11.18
330,Tabou,CI,2022-04-17 02:59:49,4.423,-7.3528,76.32,90,95,4.41
331,Shaki,AZ,2022-04-17 02:59:16,41.0833,47.1667,48.0,71,10,2.28
332,Airai,TL,2022-04-17 02:59:50,-8.9266,125.4092,74.5,61,40,1.54
333,Arrifes,PT,2022-04-17 02:59:50,37.7667,-25.7,59.25,82,20,13.8
334,Suntar,RU,2022-04-17 02:59:51,62.1444,117.6319,34.93,67,99,11.48
335,Marathon,US,2022-04-17 02:59:52,44.9,-89.7668,30.69,66,0,0.0
336,Bikaner,IN,2022-04-17 02:56:11,28.0167,73.3,86.43,29,15,12.48
337,Oskemen,KZ,2022-04-17 02:59:52,49.9565,82.6119,48.16,49,0,2.24
338,Port Lincoln,AU,2022-04-17 02:59:53,-34.7333,135.8667,66.25,74,100,10.02
339,Mugan,CN,2022-04-17 02:59:53,35.9404,101.3842,49.91,9,31,19.6
340,Marsh Harbour,BS,2022-04-17 02:59:54,26.5412,-77.0636,75.85,77,0,9.26
341,Lanzhou,CN,2022-04-17 02:55:00,36.0564,103.7922,46.96,32,100,2.37
342,Guerande,FR,2022-04-17 02:59:55,47.3291,-2.4283,49.42,86,34,9.62
343,Touros,BR,2022-04-17 02:55:54,-5.1989,-35.4608,78.89,84,91,5.99
344,Along,IN,2022-04-17 02:59:55,28.1667,94.7667,68.04,92,97,1.52
345,Nouadhibou,MR,2022-04-17 02:59:56,20.931,-17.0347,62.58,94,75,11.5
346,Komsomolskiy,UZ,2022-04-17 02:55:20,40.4272,71.7189,63.32,45,87,4.61
347,Kamina,CD,2022-04-17 02:59:56,-8.7386,24.9906,63.77,97,100,1.5
348,Santo Nino,PH,2022-04-17 02:59:57,6.435,124.6975,80.87,80,96,2.55
349,Asau,RO,2022-04-17 02:59:57,46.4333,26.4,36.52,89,100,6.33
350,Savannakhet,LA,2022-04-17 02:59:57,16.566,104.751,86.56,57,82,6.85
351,Port-De-Bouc,FR,2022-04-17 02:59:58,43.4,4.9833,62.96,62,0,8.05
352,Rio Gallegos,AR,2022-04-17 02:59:58,-51.6226,-69.2181,44.65,93,0,9.22
353,Mareeba,AU,2022-04-17 02:59:59,-17.0,145.4333,81.66,71,100,7.7
354,Moose Factory,CA,2022-04-17 02:59:59,51.2585,-80.6094,28.4,86,100,14.97
355,Vilcun,CL,2022-04-17 03:00:00,-38.65,-72.2333,45.34,78,2,1.03
356,Norman Wells,CA,2022-04-17 03:00:01,65.282,-126.8329,12.79,91,86,1.77
357,Jishou,CN,2022-04-17 03:00:01,28.3167,109.7167,49.78,92,100,0.78
358,Lypnyazhka,UA,2022-04-17 03:00:03,48.4469,31.0761,38.73,74,99,9.51
359,Iqaluit,CA,2022-04-17 03:00:04,63.7506,-68.5145,7.7,92,100,4.0
360,Borodino,RU,2022-04-17 03:00:06,55.9106,94.8983,58.19,46,96,12.64
361,Matamoros,MX,2022-04-17 03:00:12,25.5333,-103.25,82.18,16,100,3.91
362,Abapo,BO,2022-04-17 03:01:14,-18.8333,-63.4667,58.03,57,63,3.2
363,San Ciro De Acosta,MX,2022-04-17 03:01:14,21.6333,-99.8167,78.22,63,51,4.23
364,Viedma,AR,2022-04-17 03:00:35,-40.8135,-62.9967,54.99,79,1,7.83
365,Salta,AR,2022-04-17 03:00:29,-24.7859,-65.4117,59.58,79,95,2.08
366,Turukhansk,RU,2022-04-17 03:01:12,65.8167,87.9833,25.05,91,100,18.48
367,Sioux Lookout,CA,2022-04-17 03:01:15,50.1001,-91.917,13.71,98,100,2.75
368,Ola,RU,2022-04-17 03:01:15,59.5833,151.2833,34.14,61,58,3.44
369,Longyearbyen,SJ,2022-04-17 03:01:16,78.2186,15.6401,21.04,68,75,8.05
370,Ouango,CF,2022-04-17 03:01:16,4.3133,22.5552,70.97,90,89,2.1
371,Opuwo,NA,2022-04-17 03:01:17,-18.0607,13.84,66.85,44,74,3.4
372,Guangshui,CN,2022-04-17 03:01:17,31.6199,113.9978,62.96,44,100,0.63
373,Hoi An,VN,2022-04-17 03:01:18,15.8794,108.335,84.16,82,100,9.17
374,Mahibadhoo,MV,2022-04-17 03:01:18,3.7833,72.9667,83.8,75,84,9.53
375,Ripollet,ES,2022-04-17 03:01:18,41.4969,2.1574,64.33,75,0,3.44
376,Hericourt,FR,2022-04-17 03:01:19,47.5731,6.7614,42.94,78,0,11.36
377,Alice Springs,AU,2022-04-17 02:57:54,-23.7,133.8833,92.75,15,12,16.11
378,Sibolga,ID,2022-04-17 03:01:19,1.7427,98.7792,86.22,67,19,3.24
379,Oudtshoorn,ZA,2022-04-17 03:01:20,-33.5907,22.2014,52.54,84,0,2.35
380,Kolpashevo,RU,2022-04-17 03:01:20,58.3131,82.9089,49.59,85,100,11.59
381,Tarakan,ID,2022-04-17 03:01:21,3.3,117.6333,81.09,76,98,1.41
382,Pestravka,RU,2022-04-17 03:01:21,52.405,49.9583,45.75,74,99,10.78
383,Cabo San Lucas,MX,2022-04-17 02:56:56,22.8909,-109.9124,77.61,56,100,10.83
384,Netivot,IL,2022-04-17 03:01:22,31.4222,34.5886,66.94,23,39,11.34
385,Rocha,UY,2022-04-17 03:01:22,-34.4833,-54.3333,53.53,91,0,2.13
386,Ust-Omchug,RU,2022-04-17 03:01:22,61.15,149.6333,20.17,78,99,6.4
387,Mount Isa,AU,2022-04-17 03:00:49,-20.7333,139.5,91.17,16,5,9.22
388,Sitrah,BH,2022-04-17 03:01:23,26.1547,50.6206,80.37,44,0,12.66
389,Belyy Yar,RU,2022-04-17 03:01:23,53.6039,91.3903,52.86,45,0,2.24
390,Menongue,AO,2022-04-17 03:01:24,-14.6585,17.691,60.85,97,100,2.86
391,Atar,MR,2022-04-17 03:01:24,20.5169,-13.0499,75.97,15,0,3.8
392,Staryy Nadym,RU,2022-04-17 03:01:00,65.6118,72.6842,15.62,86,97,16.49
393,Puerto Baquerizo Moreno,EC,2022-04-17 03:01:25,-0.9,-89.6,75.36,88,62,7.9
394,Tabuk,PH,2022-04-17 03:01:25,17.4189,121.4443,83.64,64,50,6.31
395,Karacabey,TR,2022-04-17 03:00:42,40.2152,28.4038,54.3,69,100,3.91
396,Barranca,PE,2022-04-17 03:01:26,-10.75,-77.7667,65.73,84,100,6.42
397,Kizhinga,RU,2022-04-17 03:01:26,51.8462,109.9097,48.51,45,100,10.16
398,Quatre Cocos,MU,2022-04-17 03:01:26,-20.2078,57.7625,77.11,83,82,14.32
399,Drayton Valley,CA,2022-04-17 03:01:02,53.2168,-114.9854,28.02,61,99,7.45
400,Khonsa,IN,2022-04-17 03:01:27,27.0167,95.5667,73.08,69,7,3.24
401,Cayenne,GF,2022-04-17 03:00:08,4.9333,-52.3333,81.09,1,75,3.0
402,Raga,SS,2022-04-17 03:01:27,8.4596,25.678,78.64,64,90,5.08
403,Nanakuli,US,2022-04-17 03:01:28,21.3906,-158.1547,76.37,68,100,10.36
404,Yulara,AU,2022-04-17 03:01:28,-25.2406,130.9889,85.46,27,5,5.59
405,Panzhihua,CN,2022-04-17 03:01:29,26.5851,101.7128,81.37,33,3,1.54
406,Mawlaik,MM,2022-04-17 03:01:29,23.6333,94.4167,98.94,25,15,1.19
407,Zeya,RU,2022-04-17 03:01:29,53.75,127.2667,42.42,39,22,6.38
408,Erenhot,CN,2022-04-17 03:01:30,43.6475,111.9767,53.38,20,99,6.4
409,Pennadam,IN,2022-04-17 03:01:30,11.4,79.2333,88.39,55,20,7.85
410,Kautokeino,NO,2022-04-17 03:01:30,69.0125,23.0412,34.02,91,100,6.02
411,Bandarbeyla,SO,2022-04-17 03:02:31,9.4942,50.8122,80.58,79,36,8.14
412,Preeceville,CA,2022-04-17 03:02:32,51.95,-102.6677,7.3,95,44,4.0
413,Peniche,PT,2022-04-17 03:02:32,39.3558,-9.3811,56.28,90,100,14.18
414,Columbus,US,2022-04-17 02:57:44,39.9612,-82.9988,44.26,53,0,18.41
415,Karratha,AU,2022-04-17 03:02:33,-20.7377,116.8463,95.36,26,10,7.54
416,Dingli,MT,2022-04-17 03:02:33,35.8614,14.3822,55.81,82,0,6.91
417,Ferme-Neuve,CA,2022-04-17 03:02:34,46.7001,-75.4493,28.83,67,96,3.04
418,Lubango,AO,2022-04-17 03:02:35,-14.9172,13.4925,61.81,83,100,3.76
419,Ferrol,ES,2022-04-17 03:02:35,43.4832,-8.2369,56.35,89,100,2.86
420,Haines Junction,CA,2022-04-17 03:02:36,60.7522,-137.5108,30.72,92,100,4.5
421,Tiarei,PF,2022-04-17 03:02:36,-17.5333,-149.3333,84.22,75,8,10.83
422,Beidao,CN,2022-04-17 03:02:37,34.5686,105.8933,52.18,50,100,6.29
423,Saint-Pierre,RE,2022-04-17 03:02:37,-21.3393,55.4781,73.08,80,0,4.61
424,Dalbandin,PK,2022-04-17 03:02:38,28.8947,64.4101,83.79,15,29,4.81
425,Tevaitoa,PF,2022-04-17 03:02:38,-16.7833,-151.5,81.81,71,11,12.91
426,Shemursha,RU,2022-04-17 03:02:38,54.8866,47.5189,42.55,87,100,8.79
427,Corinto,GR,2022-04-17 03:02:39,37.9407,22.9573,59.41,59,26,1.01
428,Lebyazhye,RU,2022-04-17 03:02:39,55.2689,66.4947,37.94,65,12,11.1
429,Yeovil,GB,2022-04-17 03:02:40,50.9416,-2.6321,51.49,89,100,1.99
430,Sept-Iles,CA,2022-04-17 03:02:41,50.2001,-66.3821,27.45,88,42,3.18
431,Lata,PT,2022-04-17 03:02:41,40.1629,-8.3327,51.93,91,89,1.95
432,Flinders,AU,2022-04-17 03:02:42,-34.5833,150.8552,78.06,58,1,10.0
433,Oktyabrskiy,RU,2022-04-17 03:02:42,54.4815,53.471,35.74,79,100,5.39
434,Matara,LK,2022-04-17 03:02:43,5.9485,80.5353,83.28,76,86,5.21
435,Yangambi,CD,2022-04-17 03:02:43,0.8102,24.4336,68.4,98,100,2.19
436,Rawson,AR,2022-04-17 03:02:25,-43.3002,-65.1023,53.6,72,0,9.4
437,Siniscola,IT,2022-04-17 03:02:44,40.5719,9.6922,58.55,79,0,13.02
438,Naushki,RU,2022-04-17 03:02:44,50.3828,106.1056,54.81,38,71,7.14
439,Nizhnevartovsk,RU,2022-04-17 03:02:45,60.9344,76.5531,28.42,74,75,8.99
440,Kohima,IN,2022-04-17 03:02:45,25.6667,94.1167,77.22,40,0,4.36
441,Chaiya,TH,2022-04-17 03:02:46,9.3862,99.1986,86.18,68,37,1.19
442,Kulhudhuffushi,MV,2022-04-17 03:02:46,6.6221,73.07,83.12,73,50,6.04
443,Patacamaya,BO,2022-04-17 03:02:47,-17.2333,-67.9167,45.52,26,60,7.14
444,Hokitika,NZ,2022-04-17 03:02:26,-42.7167,170.9667,62.62,60,100,3.4
445,Koungheul,SN,2022-04-17 03:02:48,13.9833,-14.8,77.56,29,8,10.8
446,Xifeng,CN,2022-04-17 03:02:48,42.7372,124.7222,61.5,23,98,8.55
447,Nara,JP,2022-04-17 03:02:49,34.6851,135.8049,69.49,26,60,5.06
448,Zvishavane,ZW,2022-04-17 03:02:49,-20.3267,30.0665,61.72,98,100,5.48
449,Bambous Virieux,MU,2022-04-17 03:02:50,-20.3428,57.7575,77.25,88,75,13.8
450,Alekseyevka,RU,2022-04-17 03:02:51,50.6309,38.6903,49.3,93,100,11.5
451,Asyut,EG,2022-04-17 03:02:51,27.181,31.1837,78.57,17,1,7.83
452,Ewa Beach,US,2022-04-17 03:02:52,21.3156,-158.0072,76.37,78,100,10.36
453,Korla,CN,2022-04-17 03:02:52,41.7597,86.1469,57.4,9,0,4.83
454,La Ronge,CA,2022-04-17 03:02:53,55.1001,-105.2842,24.76,97,100,4.56
455,Rondonopolis,BR,2022-04-17 03:02:53,-16.4708,-54.6356,70.5,80,26,3.74
456,Biskamzha,RU,2022-04-17 03:02:54,53.4497,89.5272,53.58,58,10,3.11
457,Kabo,CF,2022-04-17 03:03:55,7.6994,18.629,77.92,59,5,6.13
458,Granada,ES,2022-04-17 03:03:55,37.25,-3.25,53.29,65,0,4.18
459,Luderitz,NA,2022-04-17 03:03:55,-26.6481,15.1594,61.48,62,0,10.96
460,Guadalupe Y Calvo,MX,2022-04-17 03:03:56,26.1,-106.9667,53.47,21,100,2.95
461,Ukiah,US,2022-04-17 03:03:56,39.1502,-123.2078,52.65,58,0,5.75
462,Ancud,CL,2022-04-17 03:01:46,-41.8697,-73.8203,55.22,89,0,4.09
463,Geilo,NO,2022-04-17 03:03:57,60.5333,8.2076,31.39,73,100,5.84
464,Straumen,NO,2022-04-17 03:03:57,63.8709,11.2999,33.8,94,100,2.01
465,Tiksi,RU,2022-04-17 03:03:58,71.6872,128.8694,6.03,90,27,6.26
466,Nea Peramos,GR,2022-04-17 03:03:58,38.0076,23.423,64.6,45,20,10.36
467,Goiatuba,BR,2022-04-17 02:59:45,-18.0125,-49.3547,58.15,60,5,4.54
468,Vanavara,RU,2022-04-17 03:03:59,60.34,102.2797,45.46,85,100,12.64
469,Lancaster,US,2022-04-17 03:03:10,40.2504,-76.2499,50.14,77,100,5.75
470,Aboyne,GB,2022-04-17 03:04:00,57.0755,-2.7802,53.4,81,100,7.05
471,Pervomayskoye,RU,2022-04-17 03:04:00,43.919,46.7102,46.9,80,0,8.34
472,Luebo,CD,2022-04-17 03:04:01,-5.35,21.4167,70.0,98,100,1.1
473,Sokolo,ML,2022-04-17 03:04:01,14.7328,-6.1219,82.81,32,94,6.02
474,Mitu,CO,2022-04-17 03:04:02,1.1983,-70.1733,71.73,98,74,0.92
475,College,US,2022-04-17 03:04:02,64.8569,-147.8028,33.75,33,20,14.97
476,Faya,SA,2022-04-17 03:04:03,18.3851,42.4509,57.72,45,0,3.13
477,Prnjavor,BA,2022-04-17 03:04:03,44.8703,17.6628,40.26,80,100,7.14
478,Ugoofaaru,MV,2022-04-17 03:04:04,5.6667,73.0,84.43,72,78,8.05
479,Uruzgan,AF,2022-04-17 03:04:04,32.8333,66.0,69.96,20,4,1.43
480,Lodwar,KE,2022-04-17 03:04:05,3.1191,35.5973,79.12,65,100,4.76
481,Montepuez,MZ,2022-04-17 03:04:05,-13.1256,38.9997,66.96,98,29,5.21
482,Barkhan,PK,2022-04-17 03:04:06,29.8977,69.5256,82.44,8,62,4.76
483,Nyurba,RU,2022-04-17 03:04:07,63.2842,118.3319,32.07,84,97,10.65
484,High Level,CA,2022-04-17 03:01:02,58.5169,-117.136,18.32,92,100,9.57
485,Pisco,PE,2022-04-17 03:04:07,-13.7,-76.2167,65.01,82,0,6.91
486,Cortez,US,2022-04-17 03:04:08,37.3489,-108.5859,61.56,13,20,18.41
487,Mosquera,CO,2022-04-17 03:04:08,4.7059,-74.2302,55.49,88,40,8.05
488,Turan,VN,2022-04-17 03:04:09,16.0678,108.2208,84.18,74,40,13.8
489,Havoysund,NO,2022-04-17 03:04:09,70.9963,24.6622,39.43,91,100,27.09
490,Sambava,MG,2022-04-17 03:04:10,-14.2667,50.1667,72.48,87,6,8.32
491,Rio Grande,BR,2022-04-17 03:04:10,-32.035,-52.0986,55.94,73,86,9.31
492,Lethem,GY,2022-04-17 03:04:11,3.3803,-59.7968,78.49,74,95,10.85
493,Tukrah,LY,2022-04-17 03:04:11,32.5341,20.5791,61.07,90,99,10.16
494,Sitka,US,2022-04-17 03:04:12,57.0531,-135.33,46.29,49,0,0.0
495,Lavrentiya,RU,2022-04-17 03:04:12,65.5833,-171.0,31.33,93,100,10.0
496,San Andres,CO,2022-04-17 03:04:13,12.5847,-81.7006,80.62,78,20,8.05
497,Araceli,PH,2022-04-17 03:04:13,10.5529,119.9913,83.23,73,82,10.87
498,Dickinson,US,2022-04-17 03:04:14,29.4608,-95.0513,76.14,90,75,5.75
499,Calamar,CO,2022-04-17 03:04:14,10.2511,-74.9146,80.71,82,48,4.72
500,Victor Harbor,AU,2022-04-17 03:04:14,-35.5667,138.6167,76.68,76,100,8.84
501,Oromocto,CA,2022-04-17 03:04:15,45.8351,-66.4792,44.53,100,100,8.05
502,San Cristobal,VE,2022-04-17 03:01:29,7.7669,-72.225,66.97,97,100,4.61
503,Tiznit,MA,2022-04-17 03:05:16,29.5833,-9.5,73.56,21,29,6.53
504,Itupiranga,BR,2022-04-17 03:05:17,-5.1347,-49.3267,73.85,94,70,1.57
505,Liverpool,GB,2022-04-17 03:05:17,53.4106,-2.9779,55.35,83,0,8.05
506,Jalingo,NG,2022-04-17 03:05:18,8.8833,11.3667,82.22,69,88,4.92
507,Presidencia Roque Saenz Pena,AR,2022-04-17 03:05:19,-26.7852,-60.4388,57.7,88,39,4.54
508,Ayagoz,KZ,2022-04-17 03:05:19,47.9714,80.4392,56.86,21,0,5.91
509,Henties Bay,NA,2022-04-17 03:05:20,-22.116,14.2845,59.38,83,82,4.32
510,Tigbao,PH,2022-04-17 03:05:20,12.5546,123.3389,84.22,67,57,7.47
511,Lernanist,AM,2022-04-17 03:05:21,40.4678,44.7924,30.36,77,6,2.01
512,Pozo Colorado,PY,2022-04-17 03:05:21,-23.4923,-58.7972,65.79,54,91,4.59
513,Qui Nhon,VN,2022-04-17 03:05:21,13.7667,109.2333,81.03,76,100,6.42
514,Prainha,BR,2022-04-17 03:05:22,-1.8,-53.48,75.24,87,90,2.15
515,Coihaique,CL,2022-04-17 03:01:05,-45.5752,-72.0662,44.01,92,13,1.23
516,Sokoni,TZ,2022-04-17 03:05:23,-6.4333,39.55,80.24,81,100,10.51
517,Kijang,KR,2022-04-17 03:05:23,35.2442,129.2139,66.04,27,0,4.85
518,Husavik,IS,2022-04-17 03:05:24,66.0449,-17.3389,40.91,88,63,8.43
519,Yarkovo,RU,2022-04-17 03:05:24,57.4028,67.0786,35.02,74,38,9.13
520,Leh,IN,2022-04-17 03:05:25,34.1667,77.5833,37.92,38,0,1.19
521,Kangavar,IR,2022-04-17 03:05:25,34.5043,47.9653,43.59,44,0,1.12
522,Varazdin,HR,2022-04-17 03:05:25,46.3044,16.3378,38.89,20,36,11.21
523,Iskateley,RU,2022-04-17 03:05:26,67.6803,53.1512,20.62,96,100,7.34
524,Cabedelo,BR,2022-04-17 03:05:26,-6.9811,-34.8339,79.47,86,85,7.96
525,Zakamensk,RU,2022-04-17 03:05:27,50.3741,103.2863,49.05,34,44,6.62
526,Bermeo,ES,2022-04-17 03:05:27,43.4209,-2.7215,51.24,82,4,7.63
527,Vasteras,SE,2022-04-17 03:05:27,59.6162,16.5528,39.97,71,20,4.61
528,Homer,US,2022-04-17 03:05:28,59.6425,-151.5483,42.69,67,100,8.05
529,Bilma,NE,2022-04-17 03:05:29,18.6853,12.9164,81.77,10,88,9.53
530,Broome,US,2022-04-17 03:05:29,42.2506,-75.833,39.7,79,75,10.36
531,Ha Giang,VN,2022-04-17 03:05:29,22.8333,104.9833,66.25,96,100,1.61
532,Kontagora,NG,2022-04-17 03:05:30,10.3999,5.4695,78.24,70,39,3.18
533,Nyazepetrovsk,RU,2022-04-17 03:05:30,56.0531,59.6028,30.92,78,99,2.8
534,Barabai,ID,2022-04-17 03:05:30,-2.5833,115.3833,82.89,72,100,2.26
535,Picui,BR,2022-04-17 03:03:27,-6.5106,-36.3469,71.26,97,94,5.88
536,Enumclaw,US,2022-04-17 03:04:39,47.2043,-121.9915,41.7,88,100,1.99
537,Warrnambool,AU,2022-04-17 03:05:31,-38.3833,142.4833,81.81,35,100,22.75
538,Chipinge,ZW,2022-04-17 03:02:16,-20.1883,32.6236,62.26,97,98,3.4
539,Brigantine,US,2022-04-17 03:05:32,39.4101,-74.3646,53.06,88,100,23.02
540,Honolulu,US,2022-04-17 03:02:50,21.3069,-157.8583,76.24,85,100,4.0
541,Cedar City,US,2022-04-17 03:04:39,37.6775,-113.0619,47.37,49,0,5.75
542,Udachnyy,RU,2022-04-17 03:05:32,66.4167,112.4,31.8,98,100,21.09
543,Concepcion Del Uruguay,AR,2022-04-17 03:04:42,-32.4825,-58.2372,59.25,81,98,1.99
544,Tikrit,IQ,2022-04-17 03:05:33,34.6071,43.6782,63.03,29,2,6.6
545,Shubarshi,KZ,2022-04-17 03:05:33,48.5872,57.1869,50.25,71,22,4.9
546,Tawang,IN,2022-04-17 03:05:34,27.5833,91.8667,53.67,60,39,5.82
547,Clearlake,US,2022-04-17 03:05:34,38.9582,-122.6264,49.78,68,29,4.97
548,Vitorino Freire,BR,2022-04-17 03:05:35,-4.0667,-45.1667,74.01,97,100,3.15
549,Dragoesti,RO,2022-04-17 03:05:35,47.55,26.0833,37.56,85,100,8.86
550,Pandan,PH,2022-04-17 03:05:36,14.0453,124.1694,82.47,75,82,9.37
551,Kalmunai,LK,2022-04-17 03:06:36,7.4167,81.8167,83.19,77,45,9.31
552,Taoudenni,ML,2022-04-17 03:06:37,22.6783,-3.9836,72.57,27,0,12.5
553,Nazareno,MX,2022-04-17 03:06:37,25.3833,-103.4167,84.51,16,96,3.85
554,Traunstein,DE,2022-04-17 03:06:38,47.8833,12.65,33.57,80,9,2.86
555,Samana,DO,2022-04-17 03:06:38,19.2056,-69.3369,74.39,85,40,8.39
556,Omsukchan,RU,2022-04-17 03:06:39,62.5333,155.8,20.39,89,100,8.08
557,Port Keats,AU,2022-04-17 03:06:39,-14.25,129.55,91.92,45,92,6.17
558,Altamira,BR,2022-04-17 03:02:21,-3.2033,-52.2064,72.01,99,69,2.82
559,Grand Forks,US,2022-04-17 03:06:40,47.9417,-97.4337,15.78,79,0,3.44
560,Manyana,BW,2022-04-17 03:06:41,-23.4,21.7167,62.71,87,65,11.16
561,Tiassale,CI,2022-04-17 03:06:41,5.8983,-4.8283,73.69,97,100,2.44
562,Cadillac,US,2022-04-17 03:06:42,44.2519,-85.4012,28.08,63,100,4.61
563,Barra Patuca,HN,2022-04-17 03:06:42,15.8,-84.2833,78.8,72,5,11.63
564,Sidhi,IN,2022-04-17 03:06:43,24.4167,81.8833,95.04,11,0,8.34
565,Wadi Musa,JO,2022-04-17 03:04:07,30.3222,35.4793,59.95,12,0,7.34
566,Yuksekova,TR,2022-04-17 03:06:43,37.5736,44.2872,34.12,77,3,3.94
567,Wichita Falls,US,2022-04-17 03:02:36,33.9137,-98.4934,57.34,47,100,10.36
568,Pilar,BR,2022-04-17 03:06:44,-9.5972,-35.9567,76.93,96,22,4.97
569,Houma,US,2022-04-17 03:06:44,29.5958,-90.7195,75.2,91,0,3.0
570,Bubaque,GW,2022-04-17 03:06:45,11.2833,-15.8333,75.09,70,12,20.36
571,Mokokchung,IN,2022-04-17 03:06:45,26.3333,94.5333,73.04,53,0,3.4
572,Winona,US,2022-04-17 03:05:34,43.9666,-91.7668,31.8,64,0,0.0
573,Los Llanos De Aridane,ES,2022-04-17 03:04:21,28.6585,-17.9182,60.55,82,20,11.5
574,Iquique,CL,2022-04-17 03:06:46,-20.2208,-70.1431,62.64,75,61,2.62
575,Saldanha,ZA,2022-04-17 03:06:46,-33.0117,17.9442,57.87,71,0,10.2
576,Narwar,IN,2022-04-17 03:06:47,25.65,77.9,92.03,9,0,7.27
577,Sao Joao Da Barra,BR,2022-04-17 03:06:47,-21.6403,-41.0511,68.76,78,34,9.6
578,Oktyabrskoye,RU,2022-04-17 03:06:48,43.0645,44.7417,33.94,93,0,8.95
579,Solnechnyy,RU,2022-04-17 03:06:49,50.7214,136.6319,31.86,86,100,9.19
580,Isabela,PH,2022-04-17 03:06:49,6.7085,121.9711,85.55,68,80,3.4
581,Avera,US,2022-04-17 03:06:50,33.194,-82.5271,63.91,93,100,2.86
582,Sao Gabriel Da Cachoeira,BR,2022-04-17 03:06:50,-0.1303,-67.0892,72.84,98,99,1.25
583,Kassiopi,GR,2022-04-17 03:06:51,39.7886,19.9186,62.1,64,97,2.39
584,Praia Da Vitoria,PT,2022-04-17 03:06:51,38.7333,-27.0667,57.76,85,4,11.63
